Customer Vendor Number,Customer Name,Customer State,Business Type,Region
1150,Customer 1,MO,FoodService,R21
1465,Customer 2,VA,FoodService,R41
6601,Customer 3,CA,FoodService,R11
10101,Customer 4,OR,FoodService,R11
10227,Customer 5,VA,FoodService,R41
10607,Customer 6,KS,FoodService,R21
10810,Customer 7,OR,FoodService,R11
10845,Customer 8,WA,FoodService,R11
11078,Customer 9,NJ,FoodService,R42
11115,Customer 10,NY,FoodService,R42
11216,Customer 11,MI,FoodService,R22
11217,Customer 12,MI,FoodService,R22
11218,Customer 13,OH,FoodService,R22
11234,Customer 14,KY,FoodService,R32
11242,Customer 15,WI,FoodService,R21
11247,Customer 16,FL,FoodService,R32
11249,Customer 17,PA,FoodService,R41
11631,Customer 18,NY,FoodService,R42
12302,Customer 19,NY,FoodService,R42
12310,Customer 20,IL,FoodService,R21
12315,Customer 21,OH,FoodService,R22
12323,Customer 22,NH,FoodService,R42
12330,Customer 23,FL,FoodService,R32
12340,Customer 24,FL,FoodService,R32
12355,Customer 25,TN,FoodService,R32
12390,Customer 26,AZ,FoodService,R11
12400,Customer 27,TX,FoodService,R31
12701,Customer 28,NJ,FoodService,R42
13520,Customer 29,MI,FoodService,R22
13710,Customer 30,MN,FoodService,R21
13712,Customer 31,OK,FoodService,R31
13890,Customer 32,WI,FoodService,R21
13970,Customer 33,ME,FoodService,R42
14050,Customer 34,NE,HomeDelivery,
14260,Customer 35,PA,FoodService,R41
14556,Customer 36,AL,FoodService,R32
15086,Customer 37,NV,FoodService,R11
15818,Customer 38,AL,FoodService,R32
15824,Customer 39,NM,FoodService,R31
15828,Customer 40,AR,FoodService,R31
15829,Customer 41,GA,FoodService,R32
15831,Customer 42,CA,FoodService,R11
15834,Customer 43,TX,FoodService,R11
15846,Customer 44,LA,FoodService,R31
15851,Customer 45,WI,FoodService,R21
15857,Customer 46,SC,FoodService,R32
15871,Customer 47,MT,FoodService,R11
15921,Customer 48,TX,FoodService,R31
15955,Customer 49,TX,FoodService,R31
15965,Customer 50,WI,FoodService,R21
15971,Customer 51,OK,FoodService,R31
15990,Customer 52,CA,FoodService,R11
16005,Customer 53,TX,FoodService,R31
16041,Customer 54,ID,FoodService,R11
16058,Customer 55,AL,FoodService,R32
16102,Customer 56,TN,FoodService,R32
16111,Customer 57,TX,FoodService,R31
16116,Customer 58,FL,FoodService,R32
16141,Customer 59,UT,FoodService,R11
16151,Customer 60,IA,FoodService,R21
16156,Customer 61,FL,FoodService,R32
16165,Customer 62,TN,FoodService,R32
16172,Customer 63,NV,FoodService,R11
16191,Customer 64,KY,FoodService,R32
16205,Customer 65,CA,FoodService,R11
16210,Customer 66,FL,FoodService,R32
16221,Customer 67,KS,FoodService,R21
16260,Customer 68,CO,FoodService,R31
16286,Customer 69,OR,FoodService,R11
16292,Customer 70,FL,FoodService,R32
16295,Customer 71,MS,FoodService,R32
16297,Customer 72,IL,FoodService,R21
16301,Customer 73,NE,FoodService,R21
16331,Customer 74,TN,FoodService,R32
16334,Customer 75,TX,FoodService,R31
16337,Customer 76,CA,FoodService,R11
16338,Customer 77,CA,FoodService,R11
16341,Customer 78,WA,FoodService,R11
16356,Customer 79,FL,FoodService,R32
16361,Customer 80,MO,FoodService,R21
16365,Customer 81,ID,FoodService,R11
16680,Customer 82,WI,FoodService,R21
29102,Customer 83,FL,FoodService,R32
41902,Customer 84,NC,FoodService,R32
41908,Customer 85,NC,FoodService,R32
53901,Customer 86,AR,FoodService,R31
58901,Customer 87,NJ,FoodService,R42
62201,Customer 88,WV,FoodService,R41
73801,Customer 89,MS,FoodService,R32
77901,Customer 90,KS,FoodService,R21
98001,Customer 91,FL,FoodService,R32
102401,Customer 92,MD,FoodService,R41
105801,Customer 93,TX,FoodService,R31
106001,Customer 94,TX,FoodService,R31
110010,Customer 95,PA,FoodService,R41
110150,Customer 96,TN,FoodService,R32
110210,Customer 97,CT,FoodService,R42
110280,Customer 98,CA,FoodService,R11
113001,Customer 99,MD,FoodService,R41
126101,Customer 7,OR,FoodService,R11
126701,Customer 101,AR,FoodService,R31
163615,Customer 102,GA,FoodService,R32
163617,Customer 103,NC,FoodService,R32
167901,Customer 104,CA,FoodService,R11
175501,Customer 105,CO,FoodService,R31
182622,Customer 106,NJ,FoodService,R41
197901,Customer 107,NY,FoodService,R42
204501,Customer 108,TX,FoodService,R31
272919,Customer 109,LA,FoodService,R31
338142,Customer 110,MN,FoodService,R21
338258,Customer 111,CA,FoodService,R11
338300,Customer 112,VA,FoodService,
20301,Customer 114,MN,FoodService,R21
353201,Customer 115,NJ,FoodService,R41
353301,Customer 116,CA,FoodService,R11
353602,Customer 117,TX,FoodService,R31
823601,Customer 118,NY,FoodService,R42
12370,Customer 119,WI,FoodService,R21
16276,Customer 120,ND,FoodService,R21
24402,Customer 121,MT,FoodService,R11
1710,Customer 122,TX,FoodService,R31
15842,Customer 123,WA,FoodService,R11
104903,Customer 124,OR,FoodService,R11
163613,Customer 16,FL,FoodService,R32
10860,Customer 126,WA,FoodService,R11
56701,Customer 127,KY,FoodService,R32
13941,Customer 128,UT,FoodService,R11
16251,Customer 110,MN,FoodService,R21
10410,Customer 130,FL,Trader,
136391,Customer 131,TX,FoodService,R31
159101,Customer 132,LA,FoodService,R31
136377,Customer 133,TX,FoodService,R31
162201,Customer 133,TX,FoodService,R31
11113,Customer 135,CA,FoodService,R11
128601,Customer 136,CT,FoodService,R42
113301,Customer 137,TN,FoodService,R32
136364,Customer 137,TN,FoodService,R32
207001,Customer 139,MS,FoodService,R32
16825,Customer 140,MI,FoodService,R22
14165,Customer 124,OR,FoodService,R11
156201,Customer 142,KY,FoodService,R32
14305,Customer 143,MA,FoodService,R42
3001,Customer 144,MI,FoodService,R22
10893,Customer 145,WA,FoodService,R11
10890,Customer 146,WA,FoodService,R11
159001,Customer 7,OR,FoodService,R11
11259,Customer 12,MI,FoodService,R22
11221,Customer 149,MI,FoodService,R22
13230,Customer 107,NY,FoodService,R42
14558,Customer 83,FL,FoodService,R32
130401,Customer 152,IL,FoodService,R21
15744,Customer 153,MI,FoodService,R22
143701,Customer 154,OH,FoodService,R22
199701,Customer 155,KS,FoodService,R21
1700,Customer 156,TX,FoodService,R31
223401,Customer 128,UT,FoodService,R11
11200,Customer 94,TX,FoodService,R31
11394,Customer 159,CA,FoodService,R11
11780,Customer 160,CA,FoodService,R11
12387,Customer 115,NJ,FoodService,R41
10840,Customer 162,ID,FoodService,R11
15298,Customer 163,CO,FoodService,R31
309701,Customer 164,AZ,FoodService,R11
26701,Customer 165,MO,FoodService,R21
77001,Customer 166,CA,FoodService,R11
338220,Customer 63,NV,FoodService,R11
829001,Customer 168,PA,FoodService,R41
178401,Customer 169,LA,FoodService,R31
13705,Customer 98,CA,FoodService,R11
35401,Customer 171,MT,FoodService,R11
110050,Customer 172,SC,FoodService,R32
5050,Customer 173,FL,FoodService,R32
5052,Customer 174,FL,FoodService,R32
9601,Customer 175,TX,FoodService,R31
13985,Customer 176,OH,FoodService,R22
16910,Customer 177,CA,FoodService,R11
107701,Customer 178,TX,FoodService,R31
224501,Customer 179,PA,FoodService,R41
182609,Customer 180,CA,FoodService,R11
182618,Customer 181,CA,FoodService,R11
5051,Customer 182,FL,FoodService,R32
15101,Customer 183,NV,FoodService,R11
32203,Customer 184,AR,FoodService,R31
364201,Customer 140,MI,FoodService,R22
2040,Customer 186,PA,FoodService,R42
14924,Customer 187,IL,FoodService,2
14954,Customer 187,OH,FoodService,2
71601,Customer 189,IA,FoodService,R21
129801,Customer 190,MS,FoodService,R32
245102,Customer 191,NC,FoodService,R32
1725,Customer 192,OK,FoodService,R31
368801,Customer 193,IN,FoodService,R22
11630,Customer 194,IL,FoodService,R21
12326,Customer 90,KS,FoodService,R21
16530,Customer 196,IL,FoodService,R21
73802,Customer 89,MS,FoodService,R32
104701,Customer 198,LA,FoodService,R31
177003,Customer 199,NE,FoodService,R21
222604,Customer 200,MS,FoodService,R32
353603,Customer 201,IA,FoodService,R21
62501,Customer 202,LA,FoodService,R31
28001,Customer 203,TN,FoodService,R32
222601,Customer 204,AR,FoodService,R31
15542,Customer 205,MA,FoodService,R42
65301,Customer 206,VA,FoodService,R41
182616,Customer 207,MN,FoodService,R21
367201,Customer 208,AL,FoodService,R32
338271,Customer 49,TX,FoodService,R31
100501,Customer 210,CT,FoodService,R42
163001,Customer 211,NC,FoodService,R32
58101,Customer 212,NV,FoodService,R11
10671,Customer 213,IN,FoodService,R22
12105,Customer 104,CA,FoodService,R11
12422,Customer 116,CA,FoodService,R11
11662,Customer 211,NC,FoodService,R32
11710,Customer 217,IL,FoodService,R21
31901,Customer 218,TX,FoodService,R31
75901,Customer 219,TX,FoodService,R31
82101,Customer 220,PA,FoodService,R41
83101,Customer 221,NM,FoodService,R31
111801,Customer 177,CA,FoodService,R11
139601,Customer 160,CA,FoodService,R11
353501,Customer 23,FL,FoodService,R32
1374,Customer 225,MN,FoodService,R21
11253,Customer 226,CA,Industrial, 
13026,Customer 227,TX,FoodService,R31
13368,Customer 228,KY,FoodService,R32
16445,Customer 101,AR,FoodService,R31
36501,Customer 230,CA,FoodService,R11
172701,Customer 231,CA,FoodService,R11
272920,Customer 232,LA,FoodService,R31
5601,Customer 233,ME,FoodService,R42
7104,Customer 109,LA,FoodService,R31
11238,Customer 226,CA,Industrial, 
14959,Customer 236,GA,FoodService,R32
15350,Customer 237,MI,Retail,
63101,Customer 238,VA,FoodService,R41
85101,Customer 239,LA,FoodService,R31
137101,Customer 240,MN,FoodService,R21
145801,Customer 241,VA,FoodService,R41
338110,Customer 71,MS,FoodService,R32
1204,Customer 243,OR,FoodService,R11
12235,Customer 200,MS,FoodService,R32
16121,Customer 111,CA,FoodService,R11
31701,Customer 246,WA,Trader, 
72401,Customer 247,CA,FoodService,
171001,Customer 248,OH,FoodService,R22
10301,Customer 249,VA,FoodService,R41
12225,Customer 250,TN,FoodService,R32
13870,Customer 251,IL,FoodService,R21
15821,Customer 252,NY,FoodService,R42
15854,Customer 253,OH,FoodService,R22
15941,Customer 254,PA,FoodService,R41
15985,Customer 255,MA,FoodService,R42
15995,Customer 256,NY,FoodService,R42
16070,Customer 257,MA,FoodService,R42
16101,Customer 258,VA,FoodService,R41
16195,Customer 259,NJ,FoodService,R42
16265,Customer 260,NC,FoodService,R32
16290,Customer 261,PA,FoodService,R41
16311,Customer 262,PA,FoodService,R41
16345,Customer 263,NC,FoodService,R32
16351,Customer 264,MD,FoodService,R41
16375,Customer 265,NY,FoodService,R42
39201,Customer 266,FL,FoodService,R32
65001,Customer 267,TX,FoodService,R31
136374,Customer 136,CT,FoodService,R42
146901,Customer 269,FL,FoodService,R32
338124,Customer 257,MA,FoodService,R42
338157,Customer 255,MA,FoodService,R42
338199,Customer 272,CT,FoodService,R42
1715,Customer 184,AR,FoodService,R31
1735,Customer 267,TX,FoodService,R31
6025,Customer 275,IL,FoodService,R21
10307,Customer 276,CO,FoodService,R31
11257,Customer 13,OH,FoodService,R22
11398,Customer 269,FL,FoodService,R32
11501,Customer 131,TX,FoodService,R31
159105,Customer 272,CT,FoodService,R42
161901,Customer 281,CO,FoodService,R31
174701,Customer 282,NJ,FoodService,R42
353605,Customer 283,CA,FoodService,R11
1731,Customer 221,NM,FoodService,R31
3041,Customer 202,LA,FoodService,R31
6801,Customer 25,TN,FoodService,R32
8901,Customer 122,TX,FoodService,R31
11073,Customer 288,OH,FoodService,
11261,Customer 14,KY,FoodService,R32
11397,Customer 269,FL,FoodService,R32
11936,Customer 28,NJ,FoodService,R42
12650,Customer 292,IL,FoodService,R21
48801,Customer 293,MD,FoodService,R41
68801,Customer 173,FL,FoodService,R32
99202,Customer 266,FL,FoodService,R32
138401,Customer 296,CA,FoodService,R11
162301,Customer 297,MI,FoodService,R22
186001,Customer 298,CA,FoodService,R11
211601,Customer 299,NY,FoodService,R42
338292,Customer 256,NY,FoodService,R42
11262,Customer 14,KY,FoodService,R32
186003,Customer 298,CA,FoodService,R11
110240,Customer 303,NV,FoodService,R11