Customer Region,Region Name,RegionHQ_ID,RegionHQ_City,Address,Number of Employees,Regional Head
R21,MidWest,100,Chicago,"131 Street Avenue, Chicago",10000,Darren@koch.com
R41,MidAtlantic,200,New Jersey,"352 Michigan Avenue, New Jersey",12000,Ismail@koch.com
R11,West,200,New Jersey,"353 Michigan Avenue, New Jersey",6000,Ismail@koch.com
R42,NewEngland,200,New Jersey,"354 Michigan Avenue, New Jersey",8000,Ismail@koch.com
R22,NorthCentral,100,Chicago,"131 Street Avenue, Chicago",5000,Darren@koch.com
R32,SouthWestI,300,Houston,"253 State Street, Houston",6700,Olivia@koch.com
R31,SouthWestII,300,Houston,"253 State Street, Houston",12000,Olivia@koch.com