"Customer Vendor Number","Customer Name","Customer State","Business Type",Region,Total_Sales,Min_Sales,Max_Sales,Avg_Sales
72401,"Customer 247",CA,FoodService,,"$ 69.84","$ 69.84","$ 69.84","$ 69.84"
15744,"Customer 153",MI,FoodService,R22,"$ 143.28","$ 143.28","$ 143.28","$ 143.28"
53901,"Customer 86",AR,FoodService,R31,"$ 213.48","$ 80.28","$ 133.2","$ 106.74"
12235,"Customer 200",MS,FoodService,R32,"$ 266.49","$ 266.49","$ 266.49","$ 266.49"
3041,"Customer 202",LA,FoodService,R31,"$ 343.8","$ 343.8","$ 343.8","$ 343.8"
71601,"Customer 189",IA,FoodService,R21,"$ 820.56","$ 820.56","$ 820.56","$ 820.56"
100501,"Customer 210",CT,FoodService,R42,"$ 874.8","$ 291.6","$ 583.2","$ 437.4"
11662,"Customer 211",NC,FoodService,R32,"$ 887.04","$ 388.08","$ 498.96","$ 443.52"
182609,"Customer 180",CA,FoodService,R11,"$ 1186.56","$ 1186.56","$ 1186.56","$ 1186.56"
13890,"Customer 32",WI,FoodService,R21,"$ 1332","$ 1332","$ 1332","$ 1332"
