"Customer Vendor Number","Customer Name","Customer State","Business Type",Region,Total_Sales,Min_Sales,Max_Sales,Avg_Sales
338300,"Customer 112",VA,FoodService,,"$ 13601517.1","$ 1566.63","$ 330379.92","$ 73126.44"
16445,"Customer 101",AR,FoodService,R31,"$ 5123856.72","$ 43537.2","$ 435389.76","$ 197071.41"
13870,"Customer 251",IL,FoodService,R21,"$ 5121696.96","$ 183744","$ 918720","$ 512169.7"
11115,"Customer 10",NY,FoodService,R42,"$ 3085671.23","$ 1530","$ 71550","$ 14834.96"
12390,"Customer 26",AZ,FoodService,R11,"$ 2695235.94","$ 564.72","$ 98983.5","$ 21912.49"
15990,"Customer 52",CA,FoodService,R11,"$ 2567022.18","$ 3020.62","$ 168114.12","$ 46673.13"
12310,"Customer 20",IL,FoodService,R21,"$ 2115572.82","$ 2165.28","$ 81120","$ 24316.93"
11242,"Customer 15",WI,FoodService,R21,"$ 1808705.63","$ 520.2","$ 67551.12","$ 19039.01"
15921,"Customer 48",TX,FoodService,R31,"$ 1751271.98","$ 3058.38","$ 121069.41","$ 26138.39"
16070,"Customer 257",MA,FoodService,R42,"$ 1695480","$ 2586.87","$ 121346.16","$ 36074.04"
